{
  "1": {
    "horizon": 1,
    "best_epoch": 14,
    "n_test": 252,
    "test_overall_mape": 2.030961513519287,
    "val_overall_mape": 1.144975185394287,
    "test_per_target": {
      "MG95": {
        "MAE": 1.8778,
        "RMSE": 3.9471,
        "MAPE": 1.7667,
        "SMAPE": 1.7682,
        "R2": 0.9717
      },
      "MG92": {
        "MAE": 1.7996,
        "RMSE": 3.6409,
        "MAPE": 1.7665,
        "SMAPE": 1.7704,
        "R2": 0.9712
      },
      "DO 0.001%": {
        "MAE": 3.2959,
        "RMSE": 7.6091,
        "MAPE": 2.2842,
        "SMAPE": 2.2908,
        "R2": 0.9702
      },
      "DO 0.05%": {
        "MAE": 3.2606,
        "RMSE": 7.5593,
        "MAPE": 2.3064,
        "SMAPE": 2.3091,
        "R2": 0.967
      }
    },
    "val_per_target": {
      "MG95": {
        "MAE": 0.9483,
        "RMSE": 1.3371,
        "MAPE": 1.175,
        "SMAPE": 1.1692,
        "R2": 0.916
      },
      "MG92": {
        "MAE": 0.9346,
        "RMSE": 1.3196,
        "MAPE": 1.186,
        "SMAPE": 1.1794,
        "R2": 0.9065
      },
      "DO 0.001%": {
        "MAE": 0.9562,
        "RMSE": 1.3121,
        "MAPE": 1.1007,
        "SMAPE": 1.0974,
        "R2": 0.9441
      },
      "DO 0.05%": {
        "MAE": 0.9597,
        "RMSE": 1.3288,
        "MAPE": 1.1181,
        "SMAPE": 1.1137,
        "R2": 0.9454
      }
    },
    "train_sec": 18.5
  },
  "5": {
    "horizon": 5,
    "best_epoch": 9,
    "n_test": 252,
    "test_overall_mape": 4.937389373779297,
    "val_overall_mape": 2.9811320304870605,
    "test_per_target": {
      "MG95": {
        "MAE": 4.6117,
        "RMSE": 8.7456,
        "MAPE": 4.2925,
        "SMAPE": 4.4089,
        "R2": 0.8611
      },
      "MG92": {
        "MAE": 4.1835,
        "RMSE": 7.5092,
        "MAPE": 4.127,
        "SMAPE": 4.2257,
        "R2": 0.8776
      },
      "DO 0.001%": {
        "MAE": 8.0278,
        "RMSE": 16.6684,
        "MAPE": 5.613,
        "SMAPE": 5.7443,
        "R2": 0.857
      },
      "DO 0.05%": {
        "MAE": 8.0261,
        "RMSE": 17.537,
        "MAPE": 5.7171,
        "SMAPE": 5.7744,
        "R2": 0.8224
      }
    },
    "val_per_target": {
      "MG95": {
        "MAE": 2.4749,
        "RMSE": 3.413,
        "MAPE": 3.0976,
        "SMAPE": 3.0481,
        "R2": 0.4526
      },
      "MG92": {
        "MAE": 2.443,
        "RMSE": 3.38,
        "MAPE": 3.126,
        "SMAPE": 3.0736,
        "R2": 0.3865
      },
      "DO 0.001%": {
        "MAE": 2.4584,
        "RMSE": 3.2622,
        "MAPE": 2.8408,
        "SMAPE": 2.8141,
        "R2": 0.6542
      },
      "DO 0.05%": {
        "MAE": 2.4464,
        "RMSE": 3.2779,
        "MAPE": 2.8601,
        "SMAPE": 2.8228,
        "R2": 0.6678
      }
    },
    "train_sec": 15.5
  },
  "10": {
    "horizon": 10,
    "best_epoch": 5,
    "n_test": 252,
    "test_overall_mape": 7.121479511260986,
    "val_overall_mape": 3.975332498550415,
    "test_per_target": {
      "MG95": {
        "MAE": 6.2445,
        "RMSE": 13.2679,
        "MAPE": 5.593,
        "SMAPE": 6.0005,
        "R2": 0.6804
      },
      "MG92": {
        "MAE": 5.6244,
        "RMSE": 11.4511,
        "MAPE": 5.3846,
        "SMAPE": 5.7167,
        "R2": 0.7153
      },
      "DO 0.001%": {
        "MAE": 12.5701,
        "RMSE": 25.7522,
        "MAPE": 8.6842,
        "SMAPE": 9.0358,
        "R2": 0.6587
      },
      "DO 0.05%": {
        "MAE": 12.5977,
        "RMSE": 26.5054,
        "MAPE": 8.8241,
        "SMAPE": 9.0341,
        "R2": 0.5942
      }
    },
    "val_per_target": {
      "MG95": {
        "MAE": 2.9743,
        "RMSE": 4.1772,
        "MAPE": 3.7427,
        "SMAPE": 3.67,
        "R2": 0.18
      },
      "MG92": {
        "MAE": 3.1471,
        "RMSE": 4.2954,
        "MAPE": 4.0381,
        "SMAPE": 3.9544,
        "R2": 0.0091
      },
      "DO 0.001%": {
        "MAE": 3.4945,
        "RMSE": 4.2532,
        "MAPE": 4.0283,
        "SMAPE": 3.9759,
        "R2": 0.4122
      },
      "DO 0.05%": {
        "MAE": 3.5032,
        "RMSE": 4.3332,
        "MAPE": 4.0923,
        "SMAPE": 4.0225,
        "R2": 0.4195
      }
    },
    "train_sec": 13.0
  },
  "15": {
    "horizon": 15,
    "best_epoch": 3,
    "n_test": 252,
    "test_overall_mape": 9.112425804138184,
    "val_overall_mape": 4.024502277374268,
    "test_per_target": {
      "MG95": {
        "MAE": 8.0404,
        "RMSE": 17.3155,
        "MAPE": 7.0715,
        "SMAPE": 7.7764,
        "R2": 0.4557
      },
      "MG92": {
        "MAE": 7.3176,
        "RMSE": 15.067,
        "MAPE": 6.8154,
        "SMAPE": 7.4034,
        "R2": 0.5071
      },
      "DO 0.001%": {
        "MAE": 16.8118,
        "RMSE": 33.3585,
        "MAPE": 11.2406,
        "SMAPE": 12.0563,
        "R2": 0.4273
      },
      "DO 0.05%": {
        "MAE": 16.7464,
        "RMSE": 34.0876,
        "MAPE": 11.3221,
        "SMAPE": 11.9263,
        "R2": 0.3288
      }
    },
    "val_per_target": {
      "MG95": {
        "MAE": 2.9796,
        "RMSE": 4.0989,
        "MAPE": 3.7233,
        "SMAPE": 3.6501,
        "R2": 0.2104
      },
      "MG92": {
        "MAE": 3.2137,
        "RMSE": 4.3481,
        "MAPE": 4.0941,
        "SMAPE": 4.0057,
        "R2": -0.0154
      },
      "DO 0.001%": {
        "MAE": 3.5273,
        "RMSE": 4.4802,
        "MAPE": 4.0261,
        "SMAPE": 3.9723,
        "R2": 0.3478
      },
      "DO 0.05%": {
        "MAE": 3.6748,
        "RMSE": 4.6712,
        "MAPE": 4.2545,
        "SMAPE": 4.1756,
        "R2": 0.3254
      }
    },
    "train_sec": 12.4
  },
  "20": {
    "horizon": 20,
    "best_epoch": 9,
    "n_test": 252,
    "test_overall_mape": 10.737285614013672,
    "val_overall_mape": 4.567172050476074,
    "test_per_target": {
      "MG95": {
        "MAE": 9.6444,
        "RMSE": 19.9931,
        "MAPE": 8.4208,
        "SMAPE": 9.3674,
        "R2": 0.2743
      },
      "MG92": {
        "MAE": 8.5529,
        "RMSE": 17.4891,
        "MAPE": 7.8941,
        "SMAPE": 8.7191,
        "R2": 0.3359
      },
      "DO 0.001%": {
        "MAE": 20.0621,
        "RMSE": 39.3987,
        "MAPE": 13.3039,
        "SMAPE": 14.5507,
        "R2": 0.2012
      },
      "DO 0.05%": {
        "MAE": 19.8623,
        "RMSE": 39.7917,
        "MAPE": 13.3304,
        "SMAPE": 14.3496,
        "R2": 0.0854
      }
    },
    "val_per_target": {
      "MG95": {
        "MAE": 3.2569,
        "RMSE": 4.1123,
        "MAPE": 4.0755,
        "SMAPE": 3.9921,
        "R2": 0.2053
      },
      "MG92": {
        "MAE": 3.4864,
        "RMSE": 4.392,
        "MAPE": 4.4492,
        "SMAPE": 4.3609,
        "R2": -0.0359
      },
      "DO 0.001%": {
        "MAE": 4.1222,
        "RMSE": 4.9538,
        "MAPE": 4.7081,
        "SMAPE": 4.6391,
        "R2": 0.2026
      },
      "DO 0.05%": {
        "MAE": 4.348,
        "RMSE": 5.1768,
        "MAPE": 5.0359,
        "SMAPE": 4.9314,
        "R2": 0.1714
      }
    },
    "train_sec": 14.8
  },
  "30": {
    "horizon": 30,
    "best_epoch": 12,
    "n_test": 252,
    "test_overall_mape": 11.950288772583008,
    "val_overall_mape": 5.335037708282471,
    "test_per_target": {
      "MG95": {
        "MAE": 11.7786,
        "RMSE": 23.4659,
        "MAPE": 10.1584,
        "SMAPE": 11.7027,
        "R2": 0.0004
      },
      "MG92": {
        "MAE": 10.4909,
        "RMSE": 20.7257,
        "MAPE": 9.5583,
        "SMAPE": 10.9169,
        "R2": 0.0673
      },
      "DO 0.001%": {
        "MAE": 21.7354,
        "RMSE": 44.4406,
        "MAPE": 14.1594,
        "SMAPE": 16.6853,
        "R2": -0.0164
      },
      "DO 0.05%": {
        "MAE": 21.0447,
        "RMSE": 43.278,
        "MAPE": 13.925,
        "SMAPE": 16.1982,
        "R2": -0.0818
      }
    },
    "val_per_target": {
      "MG95": {
        "MAE": 3.594,
        "RMSE": 4.5896,
        "MAPE": 4.5118,
        "SMAPE": 4.3791,
        "R2": 0.0101
      },
      "MG92": {
        "MAE": 4.1519,