{
  "1": {
    "horizon": 1,
    "best_epoch": 39,
    "n_test": 252,
    "test_overall_mape": 2.0188913345336914,
    "val_overall_mape": 1.0635424852371216,
    "test_per_target": {
      "MG95": {
        "MAE": 1.9186,
        "RMSE": 3.9684,
        "MAPE": 1.8029,
        "SMAPE": 1.8128,
        "R2": 0.9714
      },
      "MG92": {
        "MAE": 1.8122,
        "RMSE": 3.6677,
        "MAPE": 1.7824,
        "SMAPE": 1.7968,
        "R2": 0.9708
      },
      "DO 0.001%": {
        "MAE": 3.2592,
        "RMSE": 7.6119,
        "MAPE": 2.2315,
        "SMAPE": 2.2502,
        "R2": 0.9702
      },
      "DO 0.05%": {
        "MAE": 3.2336,
        "RMSE": 7.5471,
        "MAPE": 2.2587,
        "SMAPE": 2.2741,
        "R2": 0.9671
      }
    },
    "val_per_target": {
      "MG95": {
        "MAE": 0.8765,
        "RMSE": 1.2014,
        "MAPE": 1.0827,
        "SMAPE": 1.0777,
        "R2": 0.9322
      },
      "MG92": {
        "MAE": 0.8746,
        "RMSE": 1.2029,
        "MAPE": 1.1055,
        "SMAPE": 1.101,
        "R2": 0.9223
      },
      "DO 0.001%": {
        "MAE": 0.8945,
        "RMSE": 1.1754,
        "MAPE": 1.028,
        "SMAPE": 1.0255,
        "R2": 0.9551
      },
      "DO 0.05%": {
        "MAE": 0.8928,
        "RMSE": 1.1767,
        "MAPE": 1.0379,
        "SMAPE": 1.0351,
        "R2": 0.9572
      }
    },
    "train_sec": 42.2
  },
  "5": {
    "horizon": 5,
    "best_epoch": 21,
    "n_test": 252,
    "test_overall_mape": 4.671701431274414,
    "val_overall_mape": 2.857177495956421,
    "test_per_target": {
      "MG95": {
        "MAE": 4.4489,
        "RMSE": 8.5424,
        "MAPE": 4.0677,
        "SMAPE": 4.1928,
        "R2": 0.8675
      },
      "MG92": {
        "MAE": 4.0209,
        "RMSE": 7.4163,
        "MAPE": 3.8936,
        "SMAPE": 4.0131,
        "R2": 0.8806
      },
      "DO 0.001%": {
        "MAE": 7.7807,
        "RMSE": 16.4101,
        "MAPE": 5.2938,
        "SMAPE": 5.458,
        "R2": 0.8614
      },
      "DO 0.05%": {
        "MAE": 7.8118,
        "RMSE": 17.2765,
        "MAPE": 5.4317,
        "SMAPE": 5.5267,
        "R2": 0.8276
      }
    },
    "val_per_target": {
      "MG95": {
        "MAE": 2.3333,
        "RMSE": 3.2943,
        "MAPE": 2.9206,
        "SMAPE": 2.86,
        "R2": 0.49
      },
      "MG92": {
        "MAE": 2.3379,
        "RMSE": 3.2518,
        "MAPE": 2.9846,
        "SMAPE": 2.9335,
        "R2": 0.4321
      },
      "DO 0.001%": {
        "MAE": 2.386,
        "RMSE": 3.1871,
        "MAPE": 2.7585,
        "SMAPE": 2.7267,
        "R2": 0.6699
      },
      "DO 0.05%": {
        "MAE": 2.3646,
        "RMSE": 3.1737,
        "MAPE": 2.765,
        "SMAPE": 2.7264,
        "R2": 0.6886
      }
    },
    "train_sec": 28.6
  },
  "10": {
    "horizon": 10,
    "best_epoch": 6,
    "n_test": 252,
    "test_overall_mape": 7.102018356323242,
    "val_overall_mape": 4.083966255187988,
    "test_per_target": {
      "MG95": {
        "MAE": 6.2206,
        "RMSE": 13.265,
        "MAPE": 5.5626,
        "SMAPE": 5.9766,
        "R2": 0.6806
      },
      "MG92": {
        "MAE": 5.6513,
        "RMSE": 11.5627,
        "MAPE": 5.3988,
        "SMAPE": 5.7755,
        "R2": 0.7097
      },
      "DO 0.001%": {
        "MAE": 12.5813,
        "RMSE": 25.7833,
        "MAPE": 8.6871,
        "SMAPE": 9.0471,
        "R2": 0.6579
      },
      "DO 0.05%": {
        "MAE": 12.5327,
        "RMSE": 26.4667,
        "MAPE": 8.7596,
        "SMAPE": 8.9583,
        "R2": 0.5954
      }
    },
    "val_per_target": {
      "MG95": {
        "MAE": 3.0384,
        "RMSE": 4.22,
        "MAPE": 3.819,
        "SMAPE": 3.7456,
        "R2": 0.1631
      },
      "MG92": {
        "MAE": 3.3528,
        "RMSE": 4.3656,
        "MAPE": 4.2732,
        "SMAPE": 4.23,
        "R2": -0.0235
      },
      "DO 0.001%": {
        "MAE": 3.5118,
        "RMSE": 4.2476,
        "MAPE": 4.0488,
        "SMAPE": 3.9988,
        "R2": 0.4137
      },
      "DO 0.05%": {
        "MAE": 3.5911,
        "RMSE": 4.4282,
        "MAPE": 4.1949,
        "SMAPE": 4.1183,
        "R2": 0.3938
      }
    },
    "train_sec": 18.7
  },
  "15": {
    "horizon": 15,
    "best_epoch": 5,
    "n_test": 252,
    "test_overall_mape": 9.108675003051758,
    "val_overall_mape": 4.138317584991455,
    "test_per_target": {
      "MG95": {
        "MAE": 7.999,
        "RMSE": 17.2879,
        "MAPE": 7.0231,
        "SMAPE": 7.7325,
        "R2": 0.4574
      },
      "MG92": {
        "MAE": 7.4153,
        "RMSE": 15.2686,
        "MAPE": 6.8851,
        "SMAPE": 7.5517,
        "R2": 0.4938
      },
      "DO 0.001%": {
        "MAE": 16.8117,
        "RMSE": 33.3869,
        "MAPE": 11.2388,
        "SMAPE": 12.0666,
        "R2": 0.4263
      },
      "DO 0.05%": {
        "MAE": 16.7134,
        "RMSE": 34.0521,
        "MAPE": 11.2878,
        "SMAPE": 11.8688,
        "R2": 0.3302
      }
    },
    "val_per_target": {
      "MG95": {
        "MAE": 3.0457,
        "RMSE": 4.1404,
        "MAPE": 3.8044,
        "SMAPE": 3.7313,
        "R2": 0.1944
      },
      "MG92": {
        "MAE": 3.5537,
        "RMSE": 4.3746,
        "MAPE": 4.48,
        "SMAPE": 4.4557,
        "R2": -0.0277
      },
      "DO 0.001%": {
        "MAE": 3.394,
        "RMSE": 4.3851,
        "MAPE": 3.8786,
        "SMAPE": 3.8261,
        "R2": 0.3752
      },
      "DO 0.05%": {
        "MAE": 3.7878,
        "RMSE": 4.7936,
        "MAPE": 4.3902,
        "SMAPE": 4.3015,
        "R2": 0.2896
      }
    },
    "train_sec": 17.0
  },
  "20": {
    "horizon": 20,
    "best_epoch": 4,
    "n_test": 252,
    "test_overall_mape": 10.8101167678833,
    "val_overall_mape": 4.689246654510498,
    "test_per_target": {
      "MG95": {
        "MAE": 9.6916,
        "RMSE": 20.0801,
        "MAPE": 8.4575,
        "SMAPE": 9.4415,
        "R2": 0.268
      },
      "MG92": {
        "MAE": 8.7075,
        "RMSE": 17.8855,
        "MAPE": 8.0228,
        "SMAPE": 8.9808,
        "R2": 0.3054
      },
      "DO 0.001%": {
        "MAE": 20.1914,
        "RMSE": 39.5758,
        "MAPE": 13.3997,
        "SMAPE": 14.6646,
        "R2": 0.194
      },
      "DO 0.05%": {
        "MAE": 19.9002,
        "RMSE": 39.8415,
        "MAPE": 13.3604,
        "SMAPE": 14.3441,
        "R2": 0.0831
      }
    },
    "val_per_target": {
      "MG95": {
        "MAE": 3.2473,
        "RMSE": 4.0536,
        "MAPE": 4.0535,
        "SMAPE": 3.9845,
        "R2": 0.2278
      },
      "MG92": {
        "MAE": 3.9114,
        "RMSE": 4.4749,
        "MAPE": 4.9216,
        "SMAPE": 4.925,
        "R2": -0.0754
      },
      "DO 0.001%": {
        "MAE": 4.0114,
        "RMSE": 4.8386,
        "MAPE": 4.5868,
        "SMAPE": 4.5238,
        "R2": 0.2393
      },
      "DO 0.05%": {
        "MAE": 4.4803,
        "RMSE": 5.3273,
        "MAPE": 5.1951,
        "SMAPE": 5.0793,
        "R2": 0.1226
      }
    },
    "train_sec": 15.5
  },
  "30": {
    "horizon": 30,
    "best_epoch": 3,
    "n_test": 252,
    "test_overall_mape": 12.09856128692627,
    "val_overall_mape": 5.49503755569458,
    "test_per_target": {
      "MG95": {
        "MAE": 11.9538,
        "RMSE": 23.6601,
        "MAPE": 10.3153,
        "SMAPE": 11.9202,
        "R2": -0.0163
      },
      "MG92": {
        "MAE": 10.879,
        "RMSE": 21.4025,
        "MAPE": 9.8939,
        "SMAPE": 11.4648,
        "R2": 0.0054
      },
      "DO 0.001%": {
        "MAE": 21.8528,
        "RMSE": 44.5693,
        "MAPE": 14.254,
        "SMAPE": 16.7737,
        "R2": -0.0223
      },
      "DO 0.05%": {
        "MAE": 21.0439,
        "RMSE": 43.2227,
        "MAPE": 13.931,
        "SMAPE": 16.1013,
        "R2": -0.0791
      }
    },
    "val_per_target": {
      "MG95": {
        "MAE": 3.6073,
        "RMSE": 4.5723,
        "MAPE": 4.5185,
        "SMAPE": 4.397,
        "R2": 0.0175
      },
      "MG92": {
        "MAE": 4.3166,